Headlines,Keyword,Source,Source Type
Boosting Beauty’s Sustainability Game,sustainability,Vogue,Magazine
Sustainability moments you missed at fashion month,sustainability,Vogue,Magazine
How to Talk About Sustainability Across the Political Divide,sustainability,Vogue,Magazine
The Vogue Business 2025 100 Innovators: Sustainability Thought Leaders,sustainability,Vogue,Magazine
These Designers Are Redefining Swimwear Through Sustainability,sustainability,Vogue,Magazine
Sustainability Leaders on 2025’s Seismic Vibe Shift,sustainability,Vogue,Magazine
Calls for Unified Approach as EU Sustainability Legislation Starts to Roll Out,sustainability,Vogue,Magazine
This startup says it has the answer to cashmere’s sustainability problem,sustainability,Vogue,Magazine
Dubai’s leading sustainability innovators,sustainability,Vogue,Magazine
Why is sustainability overlooked in fashion company earnings?,sustainability,Vogue,Magazine
Market Watch: These Are the Handbags With the Highest Resale Values,sustainability,Vogue,Magazine
EU slashes sustainability red tape — at what cost?,sustainability,Vogue,Magazine
How EPA deregulation could undermine fashion’s sustainability goals,sustainability,Vogue,Magazine
Are shareholders stalling sustainability progress?,sustainability,Vogue,Magazine
Are resale and repair actually good for sustainability?,sustainability,Vogue,Magazine
Innovation and sustainability intersect at Fashion Futures Dubai,sustainability,Vogue,Magazine
London Fashion Week adopts sustainability requirements,sustainability,Vogue,Magazine
What Fashion Can Learn From the Humble School Jumper,sustainability,Vogue,Magazine
Sustainable Fashion Reckons With “the Era of Disruption”,sustainability,Vogue,Magazine
"As tariffs cause chaos across fashion’s supply chain, what happens to sustainability?",sustainability,Vogue,Magazine
Can manufacturers lead on climate action as brands back off?,sustainability,Vogue,Magazine
Topshop’s comeback shows we haven’t learnt from our mistakes,sustainability,Vogue,Magazine
What you missed at New York Climate Week,sustainability,Vogue,Magazine
Introducing the Vogue Business 100 Innovators: Class of 2025,sustainability,Vogue,Magazine
Boosting Beauty’s Sustainability Game,sustainable,Vogue,Magazine
Sustainability moments you missed at fashion month,sustainable,Vogue,Magazine
How to Talk About Sustainability Across the Political Divide,sustainable,Vogue,Magazine
The Vogue Business 2025 100 Innovators: Sustainability Thought Leaders,sustainable,Vogue,Magazine
These Designers Are Redefining Swimwear Through Sustainability,sustainable,Vogue,Magazine
Sustainability Leaders on 2025’s Seismic Vibe Shift,sustainable,Vogue,Magazine
Calls for Unified Approach as EU Sustainability Legislation Starts to Roll Out,sustainable,Vogue,Magazine
This startup says it has the answer to cashmere’s sustainability problem,sustainable,Vogue,Magazine
Dubai’s leading sustainability innovators,sustainable,Vogue,Magazine
Why is sustainability overlooked in fashion company earnings?,sustainable,Vogue,Magazine
Market Watch: These Are the Handbags With the Highest Resale Values,sustainable,Vogue,Magazine
EU slashes sustainability red tape — at what cost?,sustainable,Vogue,Magazine
How EPA deregulation could undermine fashion’s sustainability goals,sustainable,Vogue,Magazine
Are shareholders stalling sustainability progress?,sustainable,Vogue,Magazine
Are resale and repair actually good for sustainability?,sustainable,Vogue,Magazine
Innovation and sustainability intersect at Fashion Futures Dubai,sustainable,Vogue,Magazine
London Fashion Week adopts sustainability requirements,sustainable,Vogue,Magazine
What Fashion Can Learn From the Humble School Jumper,sustainable,Vogue,Magazine
Sustainable Fashion Reckons With “the Era of Disruption”,sustainable,Vogue,Magazine
"As tariffs cause chaos across fashion’s supply chain, what happens to sustainability?",sustainable,Vogue,Magazine
Can manufacturers lead on climate action as brands back off?,sustainable,Vogue,Magazine
Topshop’s comeback shows we haven’t learnt from our mistakes,sustainable,Vogue,Magazine
What you missed at New York Climate Week,sustainable,Vogue,Magazine
Introducing the Vogue Business 100 Innovators: Class of 2025,sustainable,Vogue,Magazine
Boosting Beauty’s Sustainability Game,greenwashing,Vogue,Magazine
Sustainability moments you missed at fashion month,greenwashing,Vogue,Magazine
How to Talk About Sustainability Across the Political Divide,greenwashing,Vogue,Magazine
The Vogue Business 2025 100 Innovators: Sustainability Thought Leaders,greenwashing,Vogue,Magazine
These Designers Are Redefining Swimwear Through Sustainability,greenwashing,Vogue,Magazine
Sustainability Leaders on 2025’s Seismic Vibe Shift,greenwashing,Vogue,Magazine
Calls for Unified Approach as EU Sustainability Legislation Starts to Roll Out,greenwashing,Vogue,Magazine
This startup says it has the answer to cashmere’s sustainability problem,greenwashing,Vogue,Magazine
Dubai’s leading sustainability innovators,greenwashing,Vogue,Magazine
Why is sustainability overlooked in fashion company earnings?,greenwashing,Vogue,Magazine
Market Watch: These Are the Handbags With the Highest Resale Values,greenwashing,Vogue,Magazine
EU slashes sustainability red tape — at what cost?,greenwashing,Vogue,Magazine
How EPA deregulation could undermine fashion’s sustainability goals,greenwashing,Vogue,Magazine
Are shareholders stalling sustainability progress?,greenwashing,Vogue,Magazine
Are resale and repair actually good for sustainability?,greenwashing,Vogue,Magazine
Innovation and sustainability intersect at Fashion Futures Dubai,greenwashing,Vogue,Magazine
London Fashion Week adopts sustainability requirements,greenwashing,Vogue,Magazine
What Fashion Can Learn From the Humble School Jumper,greenwashing,Vogue,Magazine
Sustainable Fashion Reckons With “the Era of Disruption”,greenwashing,Vogue,Magazine
"As tariffs cause chaos across fashion’s supply chain, what happens to sustainability?",greenwashing,Vogue,Magazine
Can manufacturers lead on climate action as brands back off?,greenwashing,Vogue,Magazine
Topshop’s comeback shows we haven’t learnt from our mistakes,greenwashing,Vogue,Magazine
What you missed at New York Climate Week,greenwashing,Vogue,Magazine
Introducing the Vogue Business 100 Innovators: Class of 2025,greenwashing,Vogue,Magazine
Boosting Beauty’s Sustainability Game,carbon-neutral,Vogue,Magazine
Sustainability moments you missed at fashion month,carbon-neutral,Vogue,Magazine
How to Talk About Sustainability Across the Political Divide,carbon-neutral,Vogue,Magazine
The Vogue Business 2025 100 Innovators: Sustainability Thought Leaders,carbon-neutral,Vogue,Magazine
These Designers Are Redefining Swimwear Through Sustainability,carbon-neutral,Vogue,Magazine
Sustainability Leaders on 2025’s Seismic Vibe Shift,carbon-neutral,Vogue,Magazine
Calls for Unified Approach as EU Sustainability Legislation Starts to Roll Out,carbon-neutral,Vogue,Magazine
This startup says it has the answer to cashmere’s sustainability problem,carbon-neutral,Vogue,Magazine
Dubai’s leading sustainability innovators,carbon-neutral,Vogue,Magazine
Why is sustainability overlooked in fashion company earnings?,carbon-neutral,Vogue,Magazine
Market Watch: These Are the Handbags With the Highest Resale Values,carbon-neutral,Vogue,Magazine
EU slashes sustainability red tape — at what cost?,carbon-neutral,Vogue,Magazine
How EPA deregulation could undermine fashion’s sustainability goals,carbon-neutral,Vogue,Magazine
Are shareholders stalling sustainability progress?,carbon-neutral,Vogue,Magazine
Are resale and repair actually good for sustainability?,carbon-neutral,Vogue,Magazine
Innovation and sustainability intersect at Fashion Futures Dubai,carbon-neutral,Vogue,Magazine
London Fashion Week adopts sustainability requirements,carbon-neutral,Vogue,Magazine
What Fashion Can Learn From the Humble School Jumper,carbon-neutral,Vogue,Magazine
Sustainable Fashion Reckons With “the Era of Disruption”,carbon-neutral,Vogue,Magazine
"As tariffs cause chaos across fashion’s supply chain, what happens to sustainability?",carbon-neutral,Vogue,Magazine
Can manufacturers lead on climate action as brands back off?,carbon-neutral,Vogue,Magazine
Topshop’s comeback shows we haven’t learnt from our mistakes,carbon-neutral,Vogue,Magazine
What you missed at New York Climate Week,carbon-neutral,Vogue,Magazine
Introducing the Vogue Business 100 Innovators: Class of 2025,carbon-neutral,Vogue,Magazine
Boosting Beauty’s Sustainability Game,renewable,Vogue,Magazine
Sustainability moments you missed at fashion month,renewable,Vogue,Magazine
How to Talk About Sustainability Across the Political Divide,renewable,Vogue,Magazine
The Vogue Business 2025 100 Innovators: Sustainability Thought Leaders,renewable,Vogue,Magazine
These Designers Are Redefining Swimwear Through Sustainability,renewable,Vogue,Magazine
Sustainability Leaders on 2025’s Seismic Vibe Shift,renewable,Vogue,Magazine
Calls for Unified Approach as EU Sustainability Legislation Starts to Roll Out,renewable,Vogue,Magazine
This startup says it has the answer to cashmere’s sustainability problem,renewable,Vogue,Magazine
Dubai’s leading sustainability innovators,renewable,Vogue,Magazine
Why is sustainability overlooked in fashion company earnings?,renewable,Vogue,Magazine
Market Watch: These Are the Handbags With the Highest Resale Values,renewable,Vogue,Magazine
EU slashes sustainability red tape — at what cost?,renewable,Vogue,Magazine
How EPA deregulation could undermine fashion’s sustainability goals,renewable,Vogue,Magazine
Are shareholders stalling sustainability progress?,renewable,Vogue,Magazine
Are resale and repair actually good for sustainability?,renewable,Vogue,Magazine
Innovation and sustainability intersect at Fashion Futures Dubai,renewable,Vogue,Magazine
London Fashion Week adopts sustainability requirements,renewable,Vogue,Magazine
What Fashion Can Learn From the Humble School Jumper,renewable,Vogue,Magazine
Sustainable Fashion Reckons With “the Era of Disruption”,renewable,Vogue,Magazine
"As tariffs cause chaos across fashion’s supply chain, what happens to sustainability?",renewable,Vogue,Magazine
Can manufacturers lead on climate action as brands back off?,renewable,Vogue,Magazine
Topshop’s comeback shows we haven’t learnt from our mistakes,renewable,Vogue,Magazine
What you missed at New York Climate Week,renewable,Vogue,Magazine
Introducing the Vogue Business 100 Innovators: Class of 2025,renewable,Vogue,Magazine
Boosting Beauty’s Sustainability Game,eco-friendly,Vogue,Magazine
Sustainability moments you missed at fashion month,eco-friendly,Vogue,Magazine
How to Talk About Sustainability Across the Political Divide,eco-friendly,Vogue,Magazine
The Vogue Business 2025 100 Innovators: Sustainability Thought Leaders,eco-friendly,Vogue,Magazine
These Designers Are Redefining Swimwear Through Sustainability,eco-friendly,Vogue,Magazine
Sustainability Leaders on 2025’s Seismic Vibe Shift,eco-friendly,Vogue,Magazine
Calls for Unified Approach as EU Sustainability Legislation Starts to Roll Out,eco-friendly,Vogue,Magazine
This startup says it has the answer to cashmere’s sustainability problem,eco-friendly,Vogue,Magazine
Dubai’s leading sustainability innovators,eco-friendly,Vogue,Magazine
Why is sustainability overlooked in fashion company earnings?,eco-friendly,Vogue,Magazine
Market Watch: These Are the Handbags With the Highest Resale Values,eco-friendly,Vogue,Magazine
EU slashes sustainability red tape — at what cost?,eco-friendly,Vogue,Magazine
How EPA deregulation could undermine fashion’s sustainability goals,eco-friendly,Vogue,Magazine
Are shareholders stalling sustainability progress?,eco-friendly,Vogue,Magazine
Are resale and repair actually good for sustainability?,eco-friendly,Vogue,Magazine
Innovation and sustainability intersect at Fashion Futures Dubai,eco-friendly,Vogue,Magazine
London Fashion Week adopts sustainability requirements,eco-friendly,Vogue,Magazine
What Fashion Can Learn From the Humble School Jumper,eco-friendly,Vogue,Magazine
Sustainable Fashion Reckons With “the Era of Disruption”,eco-friendly,Vogue,Magazine
"As tariffs cause chaos across fashion’s supply chain, what happens to sustainability?",eco-friendly,Vogue,Magazine
Can manufacturers lead on climate action as brands back off?,eco-friendly,Vogue,Magazine
Topshop’s comeback shows we haven’t learnt from our mistakes,eco-friendly,Vogue,Magazine
What you missed at New York Climate Week,eco-friendly,Vogue,Magazine
Introducing the Vogue Business 100 Innovators: Class of 2025,eco-friendly,Vogue,Magazine
Boosting Beauty’s Sustainability Game,pollution,Vogue,Magazine
Sustainability moments you missed at fashion month,pollution,Vogue,Magazine
How to Talk About Sustainability Across the Political Divide,pollution,Vogue,Magazine
The Vogue Business 2025 100 Innovators: Sustainability Thought Leaders,pollution,Vogue,Magazine
These Designers Are Redefining Swimwear Through Sustainability,pollution,Vogue,Magazine
Sustainability Leaders on 2025’s Seismic Vibe Shift,pollution,Vogue,Magazine
Calls for Unified Approach as EU Sustainability Legislation Starts to Roll Out,pollution,Vogue,Magazine
This startup says it has the answer to cashmere’s sustainability problem,pollution,Vogue,Magazine
Dubai’s leading sustainability innovators,pollution,Vogue,Magazine
Why is sustainability overlooked in fashion company earnings?,pollution,Vogue,Magazine
Market Watch: These Are the Handbags With the Highest Resale Values,pollution,Vogue,Magazine
EU slashes sustainability red tape — at what cost?,pollution,Vogue,Magazine
How EPA deregulation could undermine fashion’s sustainability goals,pollution,Vogue,Magazine
Are shareholders stalling sustainability progress?,pollution,Vogue,Magazine
Are resale and repair actually good for sustainability?,pollution,Vogue,Magazine
Innovation and sustainability intersect at Fashion Futures Dubai,pollution,Vogue,Magazine
London Fashion Week adopts sustainability requirements,pollution,Vogue,Magazine
What Fashion Can Learn From the Humble School Jumper,pollution,Vogue,Magazine
Sustainable Fashion Reckons With “the Era of Disruption”,pollution,Vogue,Magazine
"As tariffs cause chaos across fashion’s supply chain, what happens to sustainability?",pollution,Vogue,Magazine
Can manufacturers lead on climate action as brands back off?,pollution,Vogue,Magazine
Topshop’s comeback shows we haven’t learnt from our mistakes,pollution,Vogue,Magazine
What you missed at New York Climate Week,pollution,Vogue,Magazine
Introducing the Vogue Business 100 Innovators: Class of 2025,pollution,Vogue,Magazine
Boosting Beauty’s Sustainability Game,emissions,Vogue,Magazine
Sustainability moments you missed at fashion month,emissions,Vogue,Magazine
How to Talk About Sustainability Across the Political Divide,emissions,Vogue,Magazine
The Vogue Business 2025 100 Innovators: Sustainability Thought Leaders,emissions,Vogue,Magazine
These Designers Are Redefining Swimwear Through Sustainability,emissions,Vogue,Magazine
Sustainability Leaders on 2025’s Seismic Vibe Shift,emissions,Vogue,Magazine
Calls for Unified Approach as EU Sustainability Legislation Starts to Roll Out,emissions,Vogue,Magazine
This startup says it has the answer to cashmere’s sustainability problem,emissions,Vogue,Magazine
Dubai’s leading sustainability innovators,emissions,Vogue,Magazine
Why is sustainability overlooked in fashion company earnings?,emissions,Vogue,Magazine
Market Watch: These Are the Handbags With the Highest Resale Values,emissions,Vogue,Magazine
EU slashes sustainability red tape — at what cost?,emissions,Vogue,Magazine
How EPA deregulation could undermine fashion’s sustainability goals,emissions,Vogue,Magazine
Are shareholders stalling sustainability progress?,emissions,Vogue,Magazine
Are resale and repair actually good for sustainability?,emissions,Vogue,Magazine
Innovation and sustainability intersect at Fashion Futures Dubai,emissions,Vogue,Magazine
London Fashion Week adopts sustainability requirements,emissions,Vogue,Magazine
What Fashion Can Learn From the Humble School Jumper,emissions,Vogue,Magazine
Sustainable Fashion Reckons With “the Era of Disruption”,emissions,Vogue,Magazine
"As tariffs cause chaos across fashion’s supply chain, what happens to sustainability?",emissions,Vogue,Magazine
Can manufacturers lead on climate action as brands back off?,emissions,Vogue,Magazine
Topshop’s comeback shows we haven’t learnt from our mistakes,emissions,Vogue,Magazine
What you missed at New York Climate Week,emissions,Vogue,Magazine
Introducing the Vogue Business 100 Innovators: Class of 2025,emissions,Vogue,Magazine
Boosting Beauty’s Sustainability Game,recycling,Vogue,Magazine
Sustainability moments you missed at fashion month,recycling,Vogue,Magazine
How to Talk About Sustainability Across the Political Divide,recycling,Vogue,Magazine
The Vogue Business 2025 100 Innovators: Sustainability Thought Leaders,recycling,Vogue,Magazine
These Designers Are Redefining Swimwear Through Sustainability,recycling,Vogue,Magazine
Sustainability Leaders on 2025’s Seismic Vibe Shift,recycling,Vogue,Magazine
Calls for Unified Approach as EU Sustainability Legislation Starts to Roll Out,recycling,Vogue,Magazine
This startup says it has the answer to cashmere’s sustainability problem,recycling,Vogue,Magazine
Dubai’s leading sustainability innovators,recycling,Vogue,Magazine
Market Watch: These Are the Handbags With the Highest Resale Values,recycling,Vogue,Magazine
Why is sustainability overlooked in fashion company earnings?,recycling,Vogue,Magazine
EU slashes sustainability red tape — at what cost?,recycling,Vogue,Magazine
How EPA deregulation could undermine fashion’s sustainability goals,recycling,Vogue,Magazine
Are shareholders stalling sustainability progress?,recycling,Vogue,Magazine
Are resale and repair actually good for sustainability?,recycling,Vogue,Magazine
Innovation and sustainability intersect at Fashion Futures Dubai,recycling,Vogue,Magazine
London Fashion Week adopts sustainability requirements,recycling,Vogue,Magazine
What Fashion Can Learn From the Humble School Jumper,recycling,Vogue,Magazine
Sustainable Fashion Reckons With “the Era of Disruption”,recycling,Vogue,Magazine
"As tariffs cause chaos across fashion’s supply chain, what happens to sustainability?",recycling,Vogue,Magazine
Can manufacturers lead on climate action as brands back off?,recycling,Vogue,Magazine
Topshop’s comeback shows we haven’t learnt from our mistakes,recycling,Vogue,Magazine
What you missed at New York Climate Week,recycling,Vogue,Magazine
Introducing the Vogue Business 100 Innovators: Class of 2025,recycling,Vogue,Magazine
Boosting Beauty’s Sustainability Game,green,Vogue,Magazine
Sustainability moments you missed at fashion month,green,Vogue,Magazine
How to Talk About Sustainability Across the Political Divide,green,Vogue,Magazine
The Vogue Business 2025 100 Innovators: Sustainability Thought Leaders,green,Vogue,Magazine
These Designers Are Redefining Swimwear Through Sustainability,green,Vogue,Magazine
Sustainability Leaders on 2025’s Seismic Vibe Shift,green,Vogue,Magazine
Calls for Unified Approach as EU Sustainability Legislation Starts to Roll Out,green,Vogue,Magazine
This startup says it has the answer to cashmere’s sustainability problem,green,Vogue,Magazine
Dubai’s leading sustainability innovators,green,Vogue,Magazine
Market Watch: These Are the Handbags With the Highest Resale Values,green,Vogue,Magazine
Why is sustainability overlooked in fashion company earnings?,green,Vogue,Magazine
EU slashes sustainability red tape — at what cost?,green,Vogue,Magazine
How EPA deregulation could undermine fashion’s sustainability goals,green,Vogue,Magazine
Are shareholders stalling sustainability progress?,green,Vogue,Magazine
Are resale and repair actually good for sustainability?,green,Vogue,Magazine
Innovation and sustainability intersect at Fashion Futures Dubai,green,Vogue,Magazine
Boosting Beauty’s Sustainability Game,cruelty-free,Vogue,Magazine
Sustainability moments you missed at fashion month,cruelty-free,Vogue,Magazine
How to Talk About Sustainability Across the Political Divide,cruelty-free,Vogue,Magazine
The Vogue Business 2025 100 Innovators: Sustainability Thought Leaders,cruelty-free,Vogue,Magazine
These Designers Are Redefining Swimwear Through Sustainability,cruelty-free,Vogue,Magazine
Sustainability Leaders on 2025’s Seismic Vibe Shift,cruelty-free,Vogue,Magazine
Calls for Unified Approach as EU Sustainability Legislation Starts to Roll Out,cruelty-free,Vogue,Magazine
This startup says it has the answer to cashmere’s sustainability problem,cruelty-free,Vogue,Magazine
Dubai’s leading sustainability innovators,cruelty-free,Vogue,Magazine
Market Watch: These Are the Handbags With the Highest Resale Values,cruelty-free,Vogue,Magazine
Why is sustainability overlooked in fashion company earnings?,cruelty-free,Vogue,Magazine
EU slashes sustainability red tape — at what cost?,cruelty-free,Vogue,Magazine
How EPA deregulation could undermine fashion’s sustainability goals,cruelty-free,Vogue,Magazine
Are shareholders stalling sustainability progress?,cruelty-free,Vogue,Magazine
Are resale and repair actually good for sustainability?,cruelty-free,Vogue,Magazine
Innovation and sustainability intersect at Fashion Futures Dubai,cruelty-free,Vogue,Magazine
London Fashion Week adopts sustainability requirements,cruelty-free,Vogue,Magazine
What Fashion Can Learn From the Humble School Jumper,cruelty-free,Vogue,Magazine
Sustainable Fashion Reckons With “the Era of Disruption”,cruelty-free,Vogue,Magazine
"As tariffs cause chaos across fashion’s supply chain, what happens to sustainability?",cruelty-free,Vogue,Magazine
Can manufacturers lead on climate action as brands back off?,cruelty-free,Vogue,Magazine
Topshop’s comeback shows we haven’t learnt from our mistakes,cruelty-free,Vogue,Magazine
What you missed at New York Climate Week,cruelty-free,Vogue,Magazine
Introducing the Vogue Business 100 Innovators: Class of 2025,cruelty-free,Vogue,Magazine
Boosting Beauty’s Sustainability Game,zero-waste,Vogue,Magazine
Sustainability moments you missed at fashion month,zero-waste,Vogue,Magazine
How to Talk About Sustainability Across the Political Divide,zero-waste,Vogue,Magazine
The Vogue Business 2025 100 Innovators: Sustainability Thought Leaders,zero-waste,Vogue,Magazine
These Designers Are Redefining Swimwear Through Sustainability,zero-waste,Vogue,Magazine
Sustainability Leaders on 2025’s Seismic Vibe Shift,zero-waste,Vogue,Magazine
Calls for Unified Approach as EU Sustainability Legislation Starts to Roll Out,zero-waste,Vogue,Magazine
This startup says it has the answer to cashmere’s sustainability problem,zero-waste,Vogue,Magazine
Dubai’s leading sustainability innovators,zero-waste,Vogue,Magazine
Market Watch: These Are the Handbags With the Highest Resale Values,zero-waste,Vogue,Magazine
Why is sustainability overlooked in fashion company earnings?,zero-waste,Vogue,Magazine
EU slashes sustainability red tape — at what cost?,zero-waste,Vogue,Magazine
How EPA deregulation could undermine fashion’s sustainability goals,zero-waste,Vogue,Magazine
Are shareholders stalling sustainability progress?,zero-waste,Vogue,Magazine
Are resale and repair actually good for sustainability?,zero-waste,Vogue,Magazine
Innovation and sustainability intersect at Fashion Futures Dubai,zero-waste,Vogue,Magazine
London Fashion Week adopts sustainability requirements,zero-waste,Vogue,Magazine
What Fashion Can Learn From the Humble School Jumper,zero-waste,Vogue,Magazine
Sustainable Fashion Reckons With “the Era of Disruption”,zero-waste,Vogue,Magazine
"As tariffs cause chaos across fashion’s supply chain, what happens to sustainability?",zero-waste,Vogue,Magazine
Can manufacturers lead on climate action as brands back off?,zero-waste,Vogue,Magazine
Topshop’s comeback shows we haven’t learnt from our mistakes,zero-waste,Vogue,Magazine
What you missed at New York Climate Week,zero-waste,Vogue,Magazine
Introducing the Vogue Business 100 Innovators: Class of 2025,zero-waste,Vogue,Magazine
Boosting Beauty’s Sustainability Game,carbon,Vogue,Magazine
Sustainability moments you missed at fashion month,carbon,Vogue,Magazine
How to Talk About Sustainability Across the Political Divide,carbon,Vogue,Magazine
The Vogue Business 2025 100 Innovators: Sustainability Thought Leaders,carbon,Vogue,Magazine
These Designers Are Redefining Swimwear Through Sustainability,carbon,Vogue,Magazine
Sustainability Leaders on 2025’s Seismic Vibe Shift,carbon,Vogue,Magazine
Calls for Unified Approach as EU Sustainability Legislation Starts to Roll Out,carbon,Vogue,Magazine
This startup says it has the answer to cashmere’s sustainability problem,carbon,Vogue,Magazine
Dubai’s leading sustainability innovators,carbon,Vogue,Magazine
Market Watch: These Are the Handbags With the Highest Resale Values,carbon,Vogue,Magazine
Why is sustainability overlooked in fashion company earnings?,carbon,Vogue,Magazine
EU slashes sustainability red tape — at what cost?,carbon,Vogue,Magazine
How EPA deregulation could undermine fashion’s sustainability goals,carbon,Vogue,Magazine
Are shareholders stalling sustainability progress?,carbon,Vogue,Magazine
Are resale and repair actually good for sustainability?,carbon,Vogue,Magazine
Innovation and sustainability intersect at Fashion Futures Dubai,carbon,Vogue,Magazine
London Fashion Week adopts sustainability requirements,carbon,Vogue,Magazine
What Fashion Can Learn From the Humble School Jumper,carbon,Vogue,Magazine
Sustainable Fashion Reckons With “the Era of Disruption”,carbon,Vogue,Magazine
"As tariffs cause chaos across fashion’s supply chain, what happens to sustainability?",carbon,Vogue,Magazine
Can manufacturers lead on climate action as brands back off?,carbon,Vogue,Magazine
Topshop’s comeback shows we haven’t learnt from our mistakes,carbon,Vogue,Magazine
What you missed at New York Climate Week,carbon,Vogue,Magazine
Introducing the Vogue Business 100 Innovators: Class of 2025,carbon,Vogue,Magazine
Boosting Beauty’s Sustainability Game,energy,Vogue,Magazine
Sustainability moments you missed at fashion month,energy,Vogue,Magazine
How to Talk About Sustainability Across the Political Divide,energy,Vogue,Magazine
The Vogue Business 2025 100 Innovators: Sustainability Thought Leaders,energy,Vogue,Magazine
These Designers Are Redefining Swimwear Through Sustainability,energy,Vogue,Magazine
Sustainability Leaders on 2025’s Seismic Vibe Shift,energy,Vogue,Magazine
Calls for Unified Approach as EU Sustainability Legislation Starts to Roll Out,energy,Vogue,Magazine
This startup says it has the answer to cashmere’s sustainability problem,energy,Vogue,Magazine
Dubai’s leading sustainability innovators,energy,Vogue,Magazine
Market Watch: These Are the Handbags With the Highest Resale Values,energy,Vogue,Magazine
Why is sustainability overlooked in fashion company earnings?,energy,Vogue,Magazine
EU slashes sustainability red tape — at what cost?,energy,Vogue,Magazine
How EPA deregulation could undermine fashion’s sustainability goals,energy,Vogue,Magazine
Are shareholders stalling sustainability progress?,energy,Vogue,Magazine
Are resale and repair actually good for sustainability?,energy,Vogue,Magazine
Innovation and sustainability intersect at Fashion Futures Dubai,energy,Vogue,Magazine
London Fashion Week adopts sustainability requirements,energy,Vogue,Magazine
What Fashion Can Learn From the Humble School Jumper,energy,Vogue,Magazine
Sustainable Fashion Reckons With “the Era of Disruption”,energy,Vogue,Magazine
"As tariffs cause chaos across fashion’s supply chain, what happens to sustainability?",energy,Vogue,Magazine
Can manufacturers lead on climate action as brands back off?,energy,Vogue,Magazine
Topshop’s comeback shows we haven’t learnt from our mistakes,energy,Vogue,Magazine
What you missed at New York Climate Week,energy,Vogue,Magazine
Introducing the Vogue Business 100 Innovators: Class of 2025,energy,Vogue,Magazine
Boosting Beauty’s Sustainability Game,climate,Vogue,Magazine
Sustainability moments you missed at fashion month,climate,Vogue,Magazine
How to Talk About Sustainability Across the Political Divide,climate,Vogue,Magazine
The Vogue Business 2025 100 Innovators: Sustainability Thought Leaders,climate,Vogue,Magazine
These Designers Are Redefining Swimwear Through Sustainability,climate,Vogue,Magazine
Sustainability Leaders on 2025’s Seismic Vibe Shift,climate,Vogue,Magazine
Calls for Unified Approach as EU Sustainability Legislation Starts to Roll Out,climate,Vogue,Magazine
This startup says it has the answer to cashmere’s sustainability problem,climate,Vogue,Magazine
Dubai’s leading sustainability innovators,climate,Vogue,Magazine
Market Watch: These Are the Handbags With the Highest Resale Values,climate,Vogue,Magazine
Why is sustainability overlooked in fashion company earnings?,climate,Vogue,Magazine
EU slashes sustainability red tape — at what cost?,climate,Vogue,Magazine
How EPA deregulation could undermine fashion’s sustainability goals,climate,Vogue,Magazine
Are shareholders stalling sustainability progress?,climate,Vogue,Magazine
Are resale and repair actually good for sustainability?,climate,Vogue,Magazine
Innovation and sustainability intersect at Fashion Futures Dubai,climate,Vogue,Magazine
London Fashion Week adopts sustainability requirements,climate,Vogue,Magazine
What Fashion Can Learn From the Humble School Jumper,climate,Vogue,Magazine
Sustainable Fashion Reckons With “the Era of Disruption”,climate,Vogue,Magazine
"As tariffs cause chaos across fashion’s supply chain, what happens to sustainability?",climate,Vogue,Magazine
Can manufacturers lead on climate action as brands back off?,climate,Vogue,Magazine
Topshop’s comeback shows we haven’t learnt from our mistakes,climate,Vogue,Magazine
What you missed at New York Climate Week,climate,Vogue,Magazine
Introducing the Vogue Business 100 Innovators: Class of 2025,climate,Vogue,Magazine
Boosting Beauty’s Sustainability Game,solar,Vogue,Magazine
Sustainability moments you missed at fashion month,solar,Vogue,Magazine
How to Talk About Sustainability Across the Political Divide,solar,Vogue,Magazine
The Vogue Business 2025 100 Innovators: Sustainability Thought Leaders,solar,Vogue,Magazine
These Designers Are Redefining Swimwear Through Sustainability,solar,Vogue,Magazine
Sustainability Leaders on 2025’s Seismic Vibe Shift,solar,Vogue,Magazine
Calls for Unified Approach as EU Sustainability Legislation Starts to Roll Out,solar,Vogue,Magazine
This startup says it has the answer to cashmere’s sustainability problem,solar,Vogue,Magazine
Dubai’s leading sustainability innovators,solar,Vogue,Magazine
Market Watch: These Are the Handbags With the Highest Resale Values,solar,Vogue,Magazine
Why is sustainability overlooked in fashion company earnings?,solar,Vogue,Magazine
EU slashes sustainability red tape — at what cost?,solar,Vogue,Magazine
How EPA deregulation could undermine fashion’s sustainability goals,solar,Vogue,Magazine
Are shareholders stalling sustainability progress?,solar,Vogue,Magazine
Are resale and repair actually good for sustainability?,solar,Vogue,Magazine
Innovation and sustainability intersect at Fashion Futures Dubai,solar,Vogue,Magazine
London Fashion Week adopts sustainability requirements,solar,Vogue,Magazine
What Fashion Can Learn From the Humble School Jumper,solar,Vogue,Magazine
Sustainable Fashion Reckons With “the Era of Disruption”,solar,Vogue,Magazine
"As tariffs cause chaos across fashion’s supply chain, what happens to sustainability?",solar,Vogue,Magazine
Topshop’s comeback shows we haven’t learnt from our mistakes,solar,Vogue,Magazine
Can manufacturers lead on climate action as brands back off?,solar,Vogue,Magazine
What you missed at New York Climate Week,solar,Vogue,Magazine
Introducing the Vogue Business 100 Innovators: Class of 2025,solar,Vogue,Magazine
Boosting Beauty’s Sustainability Game,power,Vogue,Magazine
Sustainability moments you missed at fashion month,power,Vogue,Magazine
How to Talk About Sustainability Across the Political Divide,power,Vogue,Magazine
The Vogue Business 2025 100 Innovators: Sustainability Thought Leaders,power,Vogue,Magazine
These Designers Are Redefining Swimwear Through Sustainability,power,Vogue,Magazine
Sustainability Leaders on 2025’s Seismic Vibe Shift,power,Vogue,Magazine
Calls for Unified Approach as EU Sustainability Legislation Starts to Roll Out,power,Vogue,Magazine
This startup says it has the answer to cashmere’s sustainability problem,power,Vogue,Magazine
Dubai’s leading sustainability innovators,power,Vogue,Magazine
Market Watch: These Are the Handbags With the Highest Resale Values,power,Vogue,Magazine
Why is sustainability overlooked in fashion company earnings?,power,Vogue,Magazine
EU slashes sustainability red tape — at what cost?,power,Vogue,Magazine
How EPA deregulation could undermine fashion’s sustainability goals,power,Vogue,Magazine
Are shareholders stalling sustainability progress?,power,Vogue,Magazine
Are resale and repair actually good for sustainability?,power,Vogue,Magazine
Innovation and sustainability intersect at Fashion Futures Dubai,power,Vogue,Magazine
London Fashion Week adopts sustainability requirements,power,Vogue,Magazine
What Fashion Can Learn From the Humble School Jumper,power,Vogue,Magazine
Sustainable Fashion Reckons With “the Era of Disruption”,power,Vogue,Magazine
"As tariffs cause chaos across fashion’s supply chain, what happens to sustainability?",power,Vogue,Magazine
Topshop’s comeback shows we haven’t learnt from our mistakes,power,Vogue,Magazine
Can manufacturers lead on climate action as brands back off?,power,Vogue,Magazine
What you missed at New York Climate Week,power,Vogue,Magazine
Introducing the Vogue Business 100 Innovators: Class of 2025,power,Vogue,Magazine
Boosting Beauty’s Sustainability Game,water,Vogue,Magazine
Sustainability moments you missed at fashion month,water,Vogue,Magazine
How to Talk About Sustainability Across the Political Divide,water,Vogue,Magazine
The Vogue Business 2025 100 Innovators: Sustainability Thought Leaders,water,Vogue,Magazine
These Designers Are Redefining Swimwear Through Sustainability,water,Vogue,Magazine
Sustainability Leaders on 2025’s Seismic Vibe Shift,water,Vogue,Magazine
Calls for Unified Approach as EU Sustainability Legislation Starts to Roll Out,water,Vogue,Magazine
This startup says it has the answer to cashmere’s sustainability problem,water,Vogue,Magazine
Dubai’s leading sustainability innovators,water,Vogue,Magazine
Market Watch: These Are the Handbags With the Highest Resale Values,water,Vogue,Magazine
Why is sustainability overlooked in fashion company earnings?,water,Vogue,Magazine
EU slashes sustainability red tape — at what cost?,water,Vogue,Magazine
How EPA deregulation could undermine fashion’s sustainability goals,water,Vogue,Magazine
Are shareholders stalling sustainability progress?,water,Vogue,Magazine
Are resale and repair actually good for sustainability?,water,Vogue,Magazine
Innovation and sustainability intersect at Fashion Futures Dubai,water,Vogue,Magazine
London Fashion Week adopts sustainability requirements,water,Vogue,Magazine
What Fashion Can Learn From the Humble School Jumper,water,Vogue,Magazine
Sustainable Fashion Reckons With “the Era of Disruption”,water,Vogue,Magazine
"As tariffs cause chaos across fashion’s supply chain, what happens to sustainability?",water,Vogue,Magazine
Topshop’s comeback shows we haven’t learnt from our mistakes,water,Vogue,Magazine
Can manufacturers lead on climate action as brands back off?,water,Vogue,Magazine
What you missed at New York Climate Week,water,Vogue,Magazine
Introducing the Vogue Business 100 Innovators: Class of 2025,water,Vogue,Magazine
Boosting Beauty’s Sustainability Game,wind,Vogue,Magazine
Sustainability moments you missed at fashion month,wind,Vogue,Magazine
How to Talk About Sustainability Across the Political Divide,wind,Vogue,Magazine
The Vogue Business 2025 100 Innovators: Sustainability Thought Leaders,wind,Vogue,Magazine
These Designers Are Redefining Swimwear Through Sustainability,wind,Vogue,Magazine
Sustainability Leaders on 2025’s Seismic Vibe Shift,wind,Vogue,Magazine
Calls for Unified Approach as EU Sustainability Legislation Starts to Roll Out,wind,Vogue,Magazine
This startup says it has the answer to cashmere’s sustainability problem,wind,Vogue,Magazine
Dubai’s leading sustainability innovators,wind,Vogue,Magazine
Market Watch: These Are the Handbags With the Highest Resale Values,wind,Vogue,Magazine
Why is sustainability overlooked in fashion company earnings?,wind,Vogue,Magazine
EU slashes sustainability red tape — at what cost?,wind,Vogue,Magazine
How EPA deregulation could undermine fashion’s sustainability goals,wind,Vogue,Magazine
Are shareholders stalling sustainability progress?,wind,Vogue,Magazine
Are resale and repair actually good for sustainability?,wind,Vogue,Magazine
Innovation and sustainability intersect at Fashion Futures Dubai,wind,Vogue,Magazine
London Fashion Week adopts sustainability requirements,wind,Vogue,Magazine
What Fashion Can Learn From the Humble School Jumper,wind,Vogue,Magazine
Sustainable Fashion Reckons With “the Era of Disruption”,wind,Vogue,Magazine
"As tariffs cause chaos across fashion’s supply chain, what happens to sustainability?",wind,Vogue,Magazine
Topshop’s comeback shows we haven’t learnt from our mistakes,wind,Vogue,Magazine
Can manufacturers lead on climate action as brands back off?,wind,Vogue,Magazine
What you missed at New York Climate Week,wind,Vogue,Magazine
Introducing the Vogue Business 100 Innovators: Class of 2025,wind,Vogue,Magazine
Boosting Beauty’s Sustainability Game,waste,Vogue,Magazine
Sustainability moments you missed at fashion month,waste,Vogue,Magazine
How to Talk About Sustainability Across the Political Divide,waste,Vogue,Magazine
The Vogue Business 2025 100 Innovators: Sustainability Thought Leaders,waste,Vogue,Magazine
These Designers Are Redefining Swimwear Through Sustainability,waste,Vogue,Magazine
Sustainability Leaders on 2025’s Seismic Vibe Shift,waste,Vogue,Magazine
Calls for Unified Approach as EU Sustainability Legislation Starts to Roll Out,waste,Vogue,Magazine
This startup says it has the answer to cashmere’s sustainability problem,waste,Vogue,Magazine
Dubai’s leading sustainability innovators,waste,Vogue,Magazine
Market Watch: These Are the Handbags With the Highest Resale Values,waste,Vogue,Magazine
Why is sustainability overlooked in fashion company earnings?,waste,Vogue,Magazine
EU slashes sustainability red tape — at what cost?,waste,Vogue,Magazine
How EPA deregulation could undermine fashion’s sustainability goals,waste,Vogue,Magazine
Are shareholders stalling sustainability progress?,waste,Vogue,Magazine
Are resale and repair actually good for sustainability?,waste,Vogue,Magazine
Innovation and sustainability intersect at Fashion Futures Dubai,waste,Vogue,Magazine
London Fashion Week adopts sustainability requirements,waste,Vogue,Magazine
What Fashion Can Learn From the Humble School Jumper,waste,Vogue,Magazine
Sustainable Fashion Reckons With “the Era of Disruption”,waste,Vogue,Magazine
"As tariffs cause chaos across fashion’s supply chain, what happens to sustainability?",waste,Vogue,Magazine
Topshop’s comeback shows we haven’t learnt from our mistakes,waste,Vogue,Magazine
Can manufacturers lead on climate action as brands back off?,waste,Vogue,Magazine
What you missed at New York Climate Week,waste,Vogue,Magazine
Introducing the Vogue Business 100 Innovators: Class of 2025,waste,Vogue,Magazine
Boosting Beauty’s Sustainability Game,gas,Vogue,Magazine
Sustainability moments you missed at fashion month,gas,Vogue,Magazine
How to Talk About Sustainability Across the Political Divide,gas,Vogue,Magazine
The Vogue Business 2025 100 Innovators: Sustainability Thought Leaders,gas,Vogue,Magazine
These Designers Are Redefining Swimwear Through Sustainability,gas,Vogue,Magazine
Sustainability Leaders on 2025’s Seismic Vibe Shift,gas,Vogue,Magazine
Calls for Unified Approach as EU Sustainability Legislation Starts to Roll Out,gas,Vogue,Magazine
This startup says it has the answer to cashmere’s sustainability problem,gas,Vogue,Magazine
Dubai’s leading sustainability innovators,gas,Vogue,Magazine
Market Watch: These Are the Handbags With the Highest Resale Values,gas,Vogue,Magazine
Why is sustainability overlooked in fashion company earnings?,gas,Vogue,Magazine
EU slashes sustainability red tape — at what cost?,gas,Vogue,Magazine
How EPA deregulation could undermine fashion’s sustainability goals,gas,Vogue,Magazine
Are shareholders stalling sustainability progress?,gas,Vogue,Magazine
Are resale and repair actually good for sustainability?,gas,Vogue,Magazine
Innovation and sustainability intersect at Fashion Futures Dubai,gas,Vogue,Magazine
London Fashion Week adopts sustainability requirements,gas,Vogue,Magazine
What Fashion Can Learn From the Humble School Jumper,gas,Vogue,Magazine
Sustainable Fashion Reckons With “the Era of Disruption”,gas,Vogue,Magazine
"As tariffs cause chaos across fashion’s supply chain, what happens to sustainability?",gas,Vogue,Magazine
Topshop’s comeback shows we haven’t learnt from our mistakes,gas,Vogue,Magazine
Can manufacturers lead on climate action as brands back off?,gas,Vogue,Magazine
What you missed at New York Climate Week,gas,Vogue,Magazine
Introducing the Vogue Business 100 Innovators: Class of 2025,gas,Vogue,Magazine
Boosting Beauty’s Sustainability Game,electricity,Vogue,Magazine
Sustainability moments you missed at fashion month,electricity,Vogue,Magazine
How to Talk About Sustainability Across the Political Divide,electricity,Vogue,Magazine
The Vogue Business 2025 100 Innovators: Sustainability Thought Leaders,electricity,Vogue,Magazine
These Designers Are Redefining Swimwear Through Sustainability,electricity,Vogue,Magazine
Sustainability Leaders on 2025’s Seismic Vibe Shift,electricity,Vogue,Magazine
Calls for Unified Approach as EU Sustainability Legislation Starts to Roll Out,electricity,Vogue,Magazine
This startup says it has the answer to cashmere’s sustainability problem,electricity,Vogue,Magazine
Dubai’s leading sustainability innovators,electricity,Vogue,Magazine
Market Watch: These Are the Handbags With the Highest Resale Values,electricity,Vogue,Magazine
Why is sustainability overlooked in fashion company earnings?,electricity,Vogue,Magazine
EU slashes sustainability red tape — at what cost?,electricity,Vogue,Magazine
How EPA deregulation could undermine fashion’s sustainability goals,electricity,Vogue,Magazine
Are shareholders stalling sustainability progress?,electricity,Vogue,Magazine
Are resale and repair actually good for sustainability?,electricity,Vogue,Magazine
Innovation and sustainability intersect at Fashion Futures Dubai,electricity,Vogue,Magazine
London Fashion Week adopts sustainability requirements,electricity,Vogue,Magazine
What Fashion Can Learn From the Humble School Jumper,electricity,Vogue,Magazine
Sustainable Fashion Reckons With “the Era of Disruption”,electricity,Vogue,Magazine
"As tariffs cause chaos across fashion’s supply chain, what happens to sustainability?",electricity,Vogue,Magazine
Topshop’s comeback shows we haven’t learnt from our mistakes,electricity,Vogue,Magazine
Can manufacturers lead on climate action as brands back off?,electricity,Vogue,Magazine
What you missed at New York Climate Week,electricity,Vogue,Magazine
Introducing the Vogue Business 100 Innovators: Class of 2025,electricity,Vogue,Magazine
Boosting Beauty’s Sustainability Game,fossil,Vogue,Magazine
Sustainability moments you missed at fashion month,fossil,Vogue,Magazine
How to Talk About Sustainability Across the Political Divide,fossil,Vogue,Magazine
The Vogue Business 2025 100 Innovators: Sustainability Thought Leaders,fossil,Vogue,Magazine
These Designers Are Redefining Swimwear Through Sustainability,fossil,Vogue,Magazine
Sustainability Leaders on 2025’s Seismic Vibe Shift,fossil,Vogue,Magazine
Calls for Unified Approach as EU Sustainability Legislation Starts to Roll Out,fossil,Vogue,Magazine
This startup says it has the answer to cashmere’s sustainability problem,fossil,Vogue,Magazine
Dubai’s leading sustainability innovators,fossil,Vogue,Magazine
Market Watch: These Are the Handbags With the Highest Resale Values,fossil,Vogue,Magazine
Why is sustainability overlooked in fashion company earnings?,fossil,Vogue,Magazine
EU slashes sustainability red tape — at what cost?,fossil,Vogue,Magazine
How EPA deregulation could undermine fashion’s sustainability goals,fossil,Vogue,Magazine
Are shareholders stalling sustainability progress?,fossil,Vogue,Magazine
Are resale and repair actually good for sustainability?,fossil,Vogue,Magazine
Innovation and sustainability intersect at Fashion Futures Dubai,fossil,Vogue,Magazine
London Fashion Week adopts sustainability requirements,fossil,Vogue,Magazine
What Fashion Can Learn From the Humble School Jumper,fossil,Vogue,Magazine
Sustainable Fashion Reckons With “the Era of Disruption”,fossil,Vogue,Magazine
"As tariffs cause chaos across fashion’s supply chain, what happens to sustainability?",fossil,Vogue,Magazine
Topshop’s comeback shows we haven’t learnt from our mistakes,fossil,Vogue,Magazine
Can manufacturers lead on climate action as brands back off?,fossil,Vogue,Magazine
What you missed at New York Climate Week,fossil,Vogue,Magazine
Introducing the Vogue Business 100 Innovators: Class of 2025,fossil,Vogue,Magazine
Boosting Beauty’s Sustainability Game,clean,Vogue,Magazine
Sustainability moments you missed at fashion month,clean,Vogue,Magazine
How to Talk About Sustainability Across the Political Divide,clean,Vogue,Magazine
The Vogue Business 2025 100 Innovators: Sustainability Thought Leaders,clean,Vogue,Magazine
These Designers Are Redefining Swimwear Through Sustainability,clean,Vogue,Magazine
Sustainability Leaders on 2025’s Seismic Vibe Shift,clean,Vogue,Magazine
Calls for Unified Approach as EU Sustainability Legislation Starts to Roll Out,clean,Vogue,Magazine
This startup says it has the answer to cashmere’s sustainability problem,clean,Vogue,Magazine
Dubai’s leading sustainability innovators,clean,Vogue,Magazine
Market Watch: These Are the Handbags With the Highest Resale Values,clean,Vogue,Magazine
Why is sustainability overlooked in fashion company earnings?,clean,Vogue,Magazine
EU slashes sustainability red tape — at what cost?,clean,Vogue,Magazine
How EPA deregulation could undermine fashion’s sustainability goals,clean,Vogue,Magazine
Are shareholders stalling sustainability progress?,clean,Vogue,Magazine
Are resale and repair actually good for sustainability?,clean,Vogue,Magazine
Innovation and sustainability intersect at Fashion Futures Dubai,clean,Vogue,Magazine
What Fashion Can Learn From the Humble School Jumper,clean,Vogue,Magazine
London Fashion Week adopts sustainability requirements,clean,Vogue,Magazine
Sustainable Fashion Reckons With “the Era of Disruption”,clean,Vogue,Magazine
"As tariffs cause chaos across fashion’s supply chain, what happens to sustainability?",clean,Vogue,Magazine
What you missed at New York Climate Week,clean,Vogue,Magazine
Can manufacturers lead on climate action as brands back off?,clean,Vogue,Magazine
Topshop’s comeback shows we haven’t learnt from our mistakes,clean,Vogue,Magazine
Introducing the Vogue Business 100 Innovators: Class of 2025,clean,Vogue,Magazine
Boosting Beauty’s Sustainability Game,renewable energy,Vogue,Magazine
Sustainability moments you missed at fashion month,renewable energy,Vogue,Magazine
How to Talk About Sustainability Across the Political Divide,renewable energy,Vogue,Magazine
The Vogue Business 2025 100 Innovators: Sustainability Thought Leaders,renewable energy,Vogue,Magazine
These Designers Are Redefining Swimwear Through Sustainability,renewable energy,Vogue,Magazine
Sustainability Leaders on 2025’s Seismic Vibe Shift,renewable energy,Vogue,Magazine
Calls for Unified Approach as EU Sustainability Legislation Starts to Roll Out,renewable energy,Vogue,Magazine
This startup says it has the answer to cashmere’s sustainability problem,renewable energy,Vogue,Magazine
Dubai’s leading sustainability innovators,renewable energy,Vogue,Magazine
Market Watch: These Are the Handbags With the Highest Resale Values,renewable energy,Vogue,Magazine
Why is sustainability overlooked in fashion company earnings?,renewable energy,Vogue,Magazine
EU slashes sustainability red tape — at what cost?,renewable energy,Vogue,Magazine
How EPA deregulation could undermine fashion’s sustainability goals,renewable energy,Vogue,Magazine
Are shareholders stalling sustainability progress?,renewable energy,Vogue,Magazine
Are resale and repair actually good for sustainability?,renewable energy,Vogue,Magazine
Innovation and sustainability intersect at Fashion Futures Dubai,renewable energy,Vogue,Magazine
What Fashion Can Learn From the Humble School Jumper,renewable energy,Vogue,Magazine
London Fashion Week adopts sustainability requirements,renewable energy,Vogue,Magazine
Sustainable Fashion Reckons With “the Era of Disruption”,renewable energy,Vogue,Magazine
"As tariffs cause chaos across fashion’s supply chain, what happens to sustainability?",renewable energy,Vogue,Magazine
What you missed at New York Climate Week,renewable energy,Vogue,Magazine
Can manufacturers lead on climate action as brands back off?,renewable energy,Vogue,Magazine
Topshop’s comeback shows we haven’t learnt from our mistakes,renewable energy,Vogue,Magazine
Introducing the Vogue Business 100 Innovators: Class of 2025,renewable energy,Vogue,Magazine
Boosting Beauty’s Sustainability Game,climate change,Vogue,Magazine
Sustainability moments you missed at fashion month,climate change,Vogue,Magazine
How to Talk About Sustainability Across the Political Divide,climate change,Vogue,Magazine
The Vogue Business 2025 100 Innovators: Sustainability Thought Leaders,climate change,Vogue,Magazine
These Designers Are Redefining Swimwear Through Sustainability,climate change,Vogue,Magazine
Sustainability Leaders on 2025’s Seismic Vibe Shift,climate change,Vogue,Magazine
Calls for Unified Approach as EU Sustainability Legislation Starts to Roll Out,climate change,Vogue,Magazine
This startup says it has the answer to cashmere’s sustainability problem,climate change,Vogue,Magazine
Dubai’s leading sustainability innovators,climate change,Vogue,Magazine
Market Watch: These Are the Handbags With the Highest Resale Values,climate change,Vogue,Magazine
Why is sustainability overlooked in fashion company earnings?,climate change,Vogue,Magazine
EU slashes sustainability red tape — at what cost?,climate change,Vogue,Magazine
How EPA deregulation could undermine fashion’s sustainability goals,climate change,Vogue,Magazine
Are shareholders stalling sustainability progress?,climate change,Vogue,Magazine
Are resale and repair actually good for sustainability?,climate change,Vogue,Magazine
Innovation and sustainability intersect at Fashion Futures Dubai,climate change,Vogue,Magazine
What Fashion Can Learn From the Humble School Jumper,climate change,Vogue,Magazine
London Fashion Week adopts sustainability requirements,climate change,Vogue,Magazine
Sustainable Fashion Reckons With “the Era of Disruption”,climate change,Vogue,Magazine
"As tariffs cause chaos across fashion’s supply chain, what happens to sustainability?",climate change,Vogue,Magazine
What you missed at New York Climate Week,climate change,Vogue,Magazine
Can manufacturers lead on climate action as brands back off?,climate change,Vogue,Magazine
Topshop’s comeback shows we haven’t learnt from our mistakes,climate change,Vogue,Magazine
Introducing the Vogue Business 100 Innovators: Class of 2025,climate change,Vogue,Magazine
Boosting Beauty’s Sustainability Game,fossil fuels,Vogue,Magazine
Sustainability moments you missed at fashion month,fossil fuels,Vogue,Magazine
How to Talk About Sustainability Across the Political Divide,fossil fuels,Vogue,Magazine
The Vogue Business 2025 100 Innovators: Sustainability Thought Leaders,fossil fuels,Vogue,Magazine
These Designers Are Redefining Swimwear Through Sustainability,fossil fuels,Vogue,Magazine
Sustainability Leaders on 2025’s Seismic Vibe Shift,fossil fuels,Vogue,Magazine
Calls for Unified Approach as EU Sustainability Legislation Starts to Roll Out,fossil fuels,Vogue,Magazine
This startup says it has the answer to cashmere’s sustainability problem,fossil fuels,Vogue,Magazine
Dubai’s leading sustainability innovators,fossil fuels,Vogue,Magazine
Market Watch: These Are the Handbags With the Highest Resale Values,fossil fuels,Vogue,Magazine
Why is sustainability overlooked in fashion company earnings?,fossil fuels,Vogue,Magazine
EU slashes sustainability red tape — at what cost?,fossil fuels,Vogue,Magazine
How EPA deregulation could undermine fashion’s sustainability goals,fossil fuels,Vogue,Magazine
Are shareholders stalling sustainability progress?,fossil fuels,Vogue,Magazine
Are resale and repair actually good for sustainability?,fossil fuels,Vogue,Magazine
Innovation and sustainability intersect at Fashion Futures Dubai,fossil fuels,Vogue,Magazine
What Fashion Can Learn From the Humble School Jumper,fossil fuels,Vogue,Magazine
London Fashion Week adopts sustainability requirements,fossil fuels,Vogue,Magazine
Sustainable Fashion Reckons With “the Era of Disruption”,fossil fuels,Vogue,Magazine
"As tariffs cause chaos across fashion’s supply chain, what happens to sustainability?",fossil fuels,Vogue,Magazine
What you missed at New York Climate Week,fossil fuels,Vogue,Magazine
Can manufacturers lead on climate action as brands back off?,fossil fuels,Vogue,Magazine
Topshop’s comeback shows we haven’t learnt from our mistakes,fossil fuels,Vogue,Magazine
Introducing the Vogue Business 100 Innovators: Class of 2025,fossil fuels,Vogue,Magazine
Boosting Beauty’s Sustainability Game,green energy,Vogue,Magazine
Sustainability moments you missed at fashion month,green energy,Vogue,Magazine
How to Talk About Sustainability Across the Political Divide,green energy,Vogue,Magazine
The Vogue Business 2025 100 Innovators: Sustainability Thought Leaders,green energy,Vogue,Magazine
These Designers Are Redefining Swimwear Through Sustainability,green energy,Vogue,Magazine
Sustainability Leaders on 2025’s Seismic Vibe Shift,green energy,Vogue,Magazine
Calls for Unified Approach as EU Sustainability Legislation Starts to Roll Out,green energy,Vogue,Magazine
This startup says it has the answer to cashmere’s sustainability problem,green energy,Vogue,Magazine
Dubai’s leading sustainability innovators,green energy,Vogue,Magazine
Market Watch: These Are the Handbags With the Highest Resale Values,green energy,Vogue,Magazine
Why is sustainability overlooked in fashion company earnings?,green energy,Vogue,Magazine
EU slashes sustainability red tape — at what cost?,green energy,Vogue,Magazine
How EPA deregulation could undermine fashion’s sustainability goals,green energy,Vogue,Magazine
Are shareholders stalling sustainability progress?,green energy,Vogue,Magazine
Are resale and repair actually good for sustainability?,green energy,Vogue,Magazine
Innovation and sustainability intersect at Fashion Futures Dubai,green energy,Vogue,Magazine
What Fashion Can Learn From the Humble School Jumper,green energy,Vogue,Magazine
London Fashion Week adopts sustainability requirements,green energy,Vogue,Magazine
Sustainable Fashion Reckons With “the Era of Disruption”,green energy,Vogue,Magazine
"As tariffs cause chaos across fashion’s supply chain, what happens to sustainability?",green energy,Vogue,Magazine
What you missed at New York Climate Week,green energy,Vogue,Magazine
Can manufacturers lead on climate action as brands back off?,green energy,Vogue,Magazine
Topshop’s comeback shows we haven’t learnt from our mistakes,green energy,Vogue,Magazine
Introducing the Vogue Business 100 Innovators: Class of 2025,green energy,Vogue,Magazine
Boosting Beauty’s Sustainability Game,solar farm,Vogue,Magazine
Sustainability moments you missed at fashion month,solar farm,Vogue,Magazine
How to Talk About Sustainability Across the Political Divide,solar farm,Vogue,Magazine
The Vogue Business 2025 100 Innovators: Sustainability Thought Leaders,solar farm,Vogue,Magazine
These Designers Are Redefining Swimwear Through Sustainability,solar farm,Vogue,Magazine
Sustainability Leaders on 2025’s Seismic Vibe Shift,solar farm,Vogue,Magazine
Calls for Unified Approach as EU Sustainability Legislation Starts to Roll Out,solar farm,Vogue,Magazine
This startup says it has the answer to cashmere’s sustainability problem,solar farm,Vogue,Magazine
Dubai’s leading sustainability innovators,solar farm,Vogue,Magazine
Market Watch: These Are the Handbags With the Highest Resale Values,solar farm,Vogue,Magazine
Why is sustainability overlooked in fashion company earnings?,solar farm,Vogue,Magazine
EU slashes sustainability red tape — at what cost?,solar farm,Vogue,Magazine
How EPA deregulation could undermine fashion’s sustainability goals,solar farm,Vogue,Magazine
Are shareholders stalling sustainability progress?,solar farm,Vogue,Magazine
Are resale and repair actually good for sustainability?,solar farm,Vogue,Magazine
Innovation and sustainability intersect at Fashion Futures Dubai,solar farm,Vogue,Magazine
What Fashion Can Learn From the Humble School Jumper,solar farm,Vogue,Magazine
London Fashion Week adopts sustainability requirements,solar farm,Vogue,Magazine
Sustainable Fashion Reckons With “the Era of Disruption”,solar farm,Vogue,Magazine
"As tariffs cause chaos across fashion’s supply chain, what happens to sustainability?",solar farm,Vogue,Magazine
What you missed at New York Climate Week,solar farm,Vogue,Magazine
Can manufacturers lead on climate action as brands back off?,solar farm,Vogue,Magazine
Topshop’s comeback shows we haven’t learnt from our mistakes,solar farm,Vogue,Magazine
Introducing the Vogue Business 100 Innovators: Class of 2025,solar farm,Vogue,Magazine
Boosting Beauty’s Sustainability Game,greenhouse gas,Vogue,Magazine
Sustainability moments you missed at fashion month,greenhouse gas,Vogue,Magazine
How to Talk About Sustainability Across the Political Divide,greenhouse gas,Vogue,Magazine
The Vogue Business 2025 100 Innovators: Sustainability Thought Leaders,greenhouse gas,Vogue,Magazine
These Designers Are Redefining Swimwear Through Sustainability,greenhouse gas,Vogue,Magazine
Sustainability Leaders on 2025’s Seismic Vibe Shift,greenhouse gas,Vogue,Magazine
Calls for Unified Approach as EU Sustainability Legislation Starts to Roll Out,greenhouse gas,Vogue,Magazine
This startup says it has the answer to cashmere’s sustainability problem,greenhouse gas,Vogue,Magazine
Dubai’s leading sustainability innovators,greenhouse gas,Vogue,Magazine
Market Watch: These Are the Handbags With the Highest Resale Values,greenhouse gas,Vogue,Magazine
Why is sustainability overlooked in fashion company earnings?,greenhouse gas,Vogue,Magazine
EU slashes sustainability red tape — at what cost?,greenhouse gas,Vogue,Magazine
How EPA deregulation could undermine fashion’s sustainability goals,greenhouse gas,Vogue,Magazine
Are shareholders stalling sustainability progress?,greenhouse gas,Vogue,Magazine
Are resale and repair actually good for sustainability?,greenhouse gas,Vogue,Magazine
Innovation and sustainability intersect at Fashion Futures Dubai,greenhouse gas,Vogue,Magazine
What Fashion Can Learn From the Humble School Jumper,greenhouse gas,Vogue,Magazine
London Fashion Week adopts sustainability requirements,greenhouse gas,Vogue,Magazine
Sustainable Fashion Reckons With “the Era of Disruption”,greenhouse gas,Vogue,Magazine
"As tariffs cause chaos across fashion’s supply chain, what happens to sustainability?",greenhouse gas,Vogue,Magazine
What you missed at New York Climate Week,greenhouse gas,Vogue,Magazine
Can manufacturers lead on climate action as brands back off?,greenhouse gas,Vogue,Magazine
Topshop’s comeback shows we haven’t learnt from our mistakes,greenhouse gas,Vogue,Magazine
Introducing the Vogue Business 100 Innovators: Class of 2025,greenhouse gas,Vogue,Magazine
Boosting Beauty’s Sustainability Game,clean energy,Vogue,Magazine
Sustainability moments you missed at fashion month,clean energy,Vogue,Magazine
How to Talk About Sustainability Across the Political Divide,clean energy,Vogue,Magazine
The Vogue Business 2025 100 Innovators: Sustainability Thought Leaders,clean energy,Vogue,Magazine
These Designers Are Redefining Swimwear Through Sustainability,clean energy,Vogue,Magazine
Sustainability Leaders on 2025’s Seismic Vibe Shift,clean energy,Vogue,Magazine
Calls for Unified Approach as EU Sustainability Legislation Starts to Roll Out,clean energy,Vogue,Magazine
This startup says it has the answer to cashmere’s sustainability problem,clean energy,Vogue,Magazine
Dubai’s leading sustainability innovators,clean energy,Vogue,Magazine
Market Watch: These Are the Handbags With the Highest Resale Values,clean energy,Vogue,Magazine
Why is sustainability overlooked in fashion company earnings?,clean energy,Vogue,Magazine
EU slashes sustainability red tape — at what cost?,clean energy,Vogue,Magazine
How EPA deregulation could undermine fashion’s sustainability goals,clean energy,Vogue,Magazine
Are shareholders stalling sustainability progress?,clean energy,Vogue,Magazine
Are resale and repair actually good for sustainability?,clean energy,Vogue,Magazine
Innovation and sustainability intersect at Fashion Futures Dubai,clean energy,Vogue,Magazine
What Fashion Can Learn From the Humble School Jumper,clean energy,Vogue,Magazine
London Fashion Week adopts sustainability requirements,clean energy,Vogue,Magazine
Sustainable Fashion Reckons With “the Era of Disruption”,clean energy,Vogue,Magazine
"As tariffs cause chaos across fashion’s supply chain, what happens to sustainability?",clean energy,Vogue,Magazine
What you missed at New York Climate Week,clean energy,Vogue,Magazine
Can manufacturers lead on climate action as brands back off?,clean energy,Vogue,Magazine
Topshop’s comeback shows we haven’t learnt from our mistakes,clean energy,Vogue,Magazine
Introducing the Vogue Business 100 Innovators: Class of 2025,clean energy,Vogue,Magazine
Boosting Beauty’s Sustainability Game,sustainable consumer,Vogue,Magazine
Sustainability moments you missed at fashion month,sustainable consumer,Vogue,Magazine
How to Talk About Sustainability Across the Political Divide,sustainable consumer,Vogue,Magazine
The Vogue Business 2025 100 Innovators: Sustainability Thought Leaders,sustainable consumer,Vogue,Magazine
These Designers Are Redefining Swimwear Through Sustainability,sustainable consumer,Vogue,Magazine
Sustainability Leaders on 2025’s Seismic Vibe Shift,sustainable consumer,Vogue,Magazine
Calls for Unified Approach as EU Sustainability Legislation Starts to Roll Out,sustainable consumer,Vogue,Magazine
This startup says it has the answer to cashmere’s sustainability problem,sustainable consumer,Vogue,Magazine
Dubai’s leading sustainability innovators,sustainable consumer,Vogue,Magazine
Market Watch: These Are the Handbags With the Highest Resale Values,sustainable consumer,Vogue,Magazine
Why is sustainability overlooked in fashion company earnings?,sustainable consumer,Vogue,Magazine
EU slashes sustainability red tape — at what cost?,sustainable consumer,Vogue,Magazine
How EPA deregulation could undermine fashion’s sustainability goals,sustainable consumer,Vogue,Magazine
Are shareholders stalling sustainability progress?,sustainable consumer,Vogue,Magazine
Are resale and repair actually good for sustainability?,sustainable consumer,Vogue,Magazine
Innovation and sustainability intersect at Fashion Futures Dubai,sustainable consumer,Vogue,Magazine
What Fashion Can Learn From the Humble School Jumper,sustainable consumer,Vogue,Magazine
London Fashion Week adopts sustainability requirements,sustainable consumer,Vogue,Magazine
Sustainable Fashion Reckons With “the Era of Disruption”,sustainable consumer,Vogue,Magazine
"As tariffs cause chaos across fashion’s supply chain, what happens to sustainability?",sustainable consumer,Vogue,Magazine
Can manufacturers lead on climate action as brands back off?,sustainable consumer,Vogue,Magazine
Topshop’s comeback shows we haven’t learnt from our mistakes,sustainable consumer,Vogue,Magazine
What you missed at New York Climate Week,sustainable consumer,Vogue,Magazine
Introducing the Vogue Business 100 Innovators: Class of 2025,sustainable consumer,Vogue,Magazine
Boosting Beauty’s Sustainability Game,sustainable developement,Vogue,Magazine
Sustainability moments you missed at fashion month,sustainable developement,Vogue,Magazine
How to Talk About Sustainability Across the Political Divide,sustainable developement,Vogue,Magazine
The Vogue Business 2025 100 Innovators: Sustainability Thought Leaders,sustainable developement,Vogue,Magazine
These Designers Are Redefining Swimwear Through Sustainability,sustainable developement,Vogue,Magazine
Sustainability Leaders on 2025’s Seismic Vibe Shift,sustainable developement,Vogue,Magazine
Calls for Unified Approach as EU Sustainability Legislation Starts to Roll Out,sustainable developement,Vogue,Magazine
This startup says it has the answer to cashmere’s sustainability problem,sustainable developement,Vogue,Magazine
Dubai’s leading sustainability innovators,sustainable developement,Vogue,Magazine
Market Watch: These Are the Handbags With the Highest Resale Values,sustainable developement,Vogue,Magazine
Why is sustainability overlooked in fashion company earnings?,sustainable developement,Vogue,Magazine
EU slashes sustainability red tape — at what cost?,sustainable developement,Vogue,Magazine
How EPA deregulation could undermine fashion’s sustainability goals,sustainable developement,Vogue,Magazine
Are shareholders stalling sustainability progress?,sustainable developement,Vogue,Magazine
Are resale and repair actually good for sustainability?,sustainable developement,Vogue,Magazine
Innovation and sustainability intersect at Fashion Futures Dubai,sustainable developement,Vogue,Magazine
What Fashion Can Learn From the Humble School Jumper,sustainable developement,Vogue,Magazine
London Fashion Week adopts sustainability requirements,sustainable developement,Vogue,Magazine
Sustainable Fashion Reckons With “the Era of Disruption”,sustainable developement,Vogue,Magazine
"As tariffs cause chaos across fashion’s supply chain, what happens to sustainability?",sustainable developement,Vogue,Magazine
Can manufacturers lead on climate action as brands back off?,sustainable developement,Vogue,Magazine
Topshop’s comeback shows we haven’t learnt from our mistakes,sustainable developement,Vogue,Magazine
What you missed at New York Climate Week,sustainable developement,Vogue,Magazine
Introducing the Vogue Business 100 Innovators: Class of 2025,sustainable developement,Vogue,Magazine
Boosting Beauty’s Sustainability Game,sustainable consumption,Vogue,Magazine
Sustainability moments you missed at fashion month,sustainable consumption,Vogue,Magazine
How to Talk About Sustainability Across the Political Divide,sustainable consumption,Vogue,Magazine
The Vogue Business 2025 100 Innovators: Sustainability Thought Leaders,sustainable consumption,Vogue,Magazine
These Designers Are Redefining Swimwear Through Sustainability,sustainable consumption,Vogue,Magazine
Sustainability Leaders on 2025’s Seismic Vibe Shift,sustainable consumption,Vogue,Magazine
Calls for Unified Approach as EU Sustainability Legislation Starts to Roll Out,sustainable consumption,Vogue,Magazine
This startup says it has the answer to cashmere’s sustainability problem,sustainable consumption,Vogue,Magazine
Dubai’s leading sustainability innovators,sustainable consumption,Vogue,Magazine
Market Watch: These Are the Handbags With the Highest Resale Values,sustainable consumption,Vogue,Magazine
Why is sustainability overlooked in fashion company earnings?,sustainable consumption,Vogue,Magazine
EU slashes sustainability red tape — at what cost?,sustainable consumption,Vogue,Magazine
How EPA deregulation could undermine fashion’s sustainability goals,sustainable consumption,Vogue,Magazine
Are shareholders stalling sustainability progress?,sustainable consumption,Vogue,Magazine
Are resale and repair actually good for sustainability?,sustainable consumption,Vogue,Magazine
Innovation and sustainability intersect at Fashion Futures Dubai,sustainable consumption,Vogue,Magazine
What Fashion Can Learn From the Humble School Jumper,sustainable consumption,Vogue,Magazine
London Fashion Week adopts sustainability requirements,sustainable consumption,Vogue,Magazine
Sustainable Fashion Reckons With “the Era of Disruption”,sustainable consumption,Vogue,Magazine
"As tariffs cause chaos across fashion’s supply chain, what happens to sustainability?",sustainable consumption,Vogue,Magazine
Can manufacturers lead on climate action as brands back off?,sustainable consumption,Vogue,Magazine
Topshop’s comeback shows we haven’t learnt from our mistakes,sustainable consumption,Vogue,Magazine
What you missed at New York Climate Week,sustainable consumption,Vogue,Magazine
Introducing the Vogue Business 100 Innovators: Class of 2025,sustainable consumption,Vogue,Magazine
